ward_code,num_candidates,num_winners,total_votes,average_ballot_length,percentage_cands_ranked
S13002827,9.0,4.0,7692.0,3.6535,0.4059
S13002826,7.0,4.0,6489.0,3.1424,0.4489
S13002824,8.0,4.0,7363.0,3.5256,0.4407
S13002825,7.0,3.0,5463.0,3.1724,0.4532
S13002821,9.0,4.0,6967.0,3.6376,0.4042
S13002820,7.0,3.0,7245.0,3.0791,0.4399
S13002822,8.0,4.0,7622.0,3.5673,0.4459
S13002823,8.0,4.0,8216.0,3.383,0.4229
S13002828,6.0,3.0,5204.0,2.927,0.4878
S13003028,6.0,4.0,4936.0,2.9998,0.5
S13003029,6.0,3.0,3678.0,3.0223,0.5037
S13003027,5.0,3.0,3996.0,2.7272,0.5454
S13003030,6.0,3.0,4062.0,2.9594,0.4932
S13003024,5.0,3.0,3337.0,2.4849,0.497
S13003025,5.0,3.0,3432.0,2.5201,0.504
S13003031,6.0,4.0,6057.0,2.9979,0.4996
S13002608,6.0,3.0,1385.0,3.3805,0.5634
S13003144,3.0,2.0,661.0,2.2375,0.7458
S13003141,7.0,4.0,1446.0,3.2925,0.4704
S13003140,4.0,2.0,851.0,2.4183,0.6046
S13003142,10.0,4.0,1354.0,3.5074,0.3507
S13003143,8.0,3.0,1306.0,3.4931,0.4366
S13003136,5.0,3.0,1121.0,2.9697,0.5939
S13003137,3.0,2.0,739.0,2.3221,0.774
S13002984,9.0,4.0,7094.0,3.439,0.3821
S13002985,12.0,4.0,7556.0,3.4591,0.2883
S13002978,7.0,3.0,8517.0,3.3567,0.4795
S13002830,8.0,3.0,3826.0,3.2773,0.4097
S13002979,10.0,4.0,8688.0,3.7869,0.3787
S13002986,9.0,3.0,6935.0,3.3306,0.3701
S13002982,11.0,4.0,5771.0,3.4968,0.3179
S13002969,10.0,4.0,8520.0,3.482,0.3482
S13002968,7.0,3.0,7263.0,3.2795,0.4685
S13002983,10.0,4.0,6572.0,3.6284,0.3628
S13002981,7.0,3.0,5730.0,3.4129,0.4876
S13002980,10.0,4.0,7534.0,3.7916,0.3792
S13002972,8.0,4.0,10288.0,3.5736,0.4467
S13002967,9.0,1.0,5132.0,2.688,0.2987
S13002973,9.0,4.0,10749.0,3.9884,0.4432
S13002971,10.0,4.0,6479.0,3.8844,0.3884
S13002970,10.0,4.0,9261.0,3.6522,0.3652
S13002974,10.0,4.0,7255.0,3.8561,0.3856
S13002975,9.0,4.0,5484.0,3.688,0.4098
S13002988,7.0,3.0,5424.0,3.4213,0.4888
S13002977,8.0,3.0,6704.0,3.7117,0.464
S13002976,9.0,4.0,6010.0,4.0273,0.4475
S13002989,7.0,4.0,10516.0,3.5672,0.5096
S13002761,6.0,3.0,4829.0,3.0955,0.5159
S13002762,7.0,3.0,4895.0,3.1479,0.4497
S13002763,9.0,4.0,4557.0,3.3164,0.3685
S13002767,8.0,3.0,4238.0,3.1432,0.3929
S13002766,7.0,3.0,4178.0,2.9347,0.4192
S13002770,6.0,3.0,3271.0,2.7114,0.4519
S13002764,6.0,3.0,4007.0,2.8308,0.4718
S13002765,7.0,1.0,3455.0,2.8495,0.4071
S13002771,7.0,3.0,3045.0,2.9701,0.4243
S13002768,8.0,3.0,3968.0,3.0963,0.387
S13002769,7.0,3.0,3507.0,2.9079,0.4154
S13002909,6.0,1.0,4653.0,2.4737,0.4123
S13002908,9.0,4.0,7608.0,3.5878,0.3986
S13002911,6.0,3.0,6270.0,2.978,0.4963
S13002910,8.0,4.0,6279.0,3.2926,0.4116
S13002912,7.0,4.0,7790.0,3.1716,0.4531
S13002913,6.0,3.0,6141.0,2.9798,0.4966
S13002838,9.0,3.0,3674.0,3.4415,0.3824
S13002839,7.0,3.0,4154.0,3.0585,0.4369
S13002846,10.0,4.0,4997.0,3.5087,0.3509
S13002847,8.0,4.0,4797.0,3.2637,0.408
S13002845,5.0,3.0,5872.0,2.7285,0.5457
S13002844,7.0,4.0,7736.0,3.3047,0.4721
S13002840,10.0,3.0,2616.0,3.5547,0.3555
S13002841,6.0,3.0,4689.0,3.0949,0.5158
S13002843,7.0,3.0,6886.0,3.213,0.459
S13002842,7.0,4.0,3427.0,3.466,0.4951
S13002837,7.0,3.0,4752.0,3.0503,0.4358
S13002836,8.0,4.0,6793.0,3.2408,0.4051
S13002835,8.0,4.0,6598.0,3.3634,0.4204
S13003019,7.0,3.0,6553.0,3.1775,0.4539
S13003018,6.0,3.0,5793.0,2.9451,0.4909
S13003023,7.0,3.0,4949.0,3.256,0.4651
S13003022,6.0,3.0,5652.0,2.9016,0.4836
S13003020,7.0,3.0,4198.0,3.1541,0.4506
S13003021,8.0,3.0,5588.0,3.3826,0.4228
S13002905,6.0,3.0,6099.0,3.0395,0.5066
S13002904,7.0,3.0,4733.0,3.2677,0.4668
S13002906,8.0,3.0,6656.0,3.3888,0.4236
S13002907,7.0,3.0,5632.0,3.3391,0.477
S13002903,6.0,3.0,6648.0,3.1125,0.5188
S13002902,6.0,3.0,7035.0,3.0913,0.5152
S13002901,6.0,3.0,6144.0,2.9456,0.4909
S13003145,7.0,3.0,3577.0,3.0447,0.435
S13003033,7.0,3.0,4025.0,3.1111,0.4444
S13003147,11.0,5.0,7044.0,3.5802,0.3255
S13003146,6.0,1.0,2431.0,2.8787,0.4798
S13003032,10.0,4.0,4666.0,3.3706,0.3371
S13003034,6.0,4.0,5553.0,3.2471,0.5412
S13003041,7.0,3.0,3356.0,3.1031,0.4433
S13003148,12.0,5.0,9845.0,3.5733,0.2978
S13003149,8.0,5.0,6506.0,3.4362,0.4295
S13002878,7.0,4.0,3694.0,3.1551,0.4507
S13002879,6.0,3.0,3496.0,2.7428,0.4571
S13002877,6.0,3.0,2577.0,2.9154,0.4859
S13002876,8.0,4.0,4032.0,3.3509,0.4189
S13002875,8.0,4.0,3774.0,3.3609,0.4201
S13003108,8.0,3.0,4736.0,3.4685,0.4336
S13003097,8.0,3.0,5431.0,3.2215,0.4027
S13003096,7.0,3.0,6115.0,2.9526,0.4218
S13003109,8.0,3.0,5362.0,3.0602,0.3825
S13003095,8.0,4.0,7246.0,3.1387,0.3923
S13003113,7.0,4.0,7073.0,3.127,0.4467
S13003107,8.0,3.0,5529.0,3.181,0.3976
S13003098,9.0,3.0,5452.0,3.0547,0.3394
S13003099,8.0,3.0,6546.0,3.1218,0.3902
S13003106,7.0,3.0,5141.0,3.2747,0.4678
S13003112,7.0,4.0,5352.0,3.2564,0.4652
S13003104,8.0,3.0,5068.0,3.2603,0.4075
S13003110,6.0,3.0,5248.0,2.8809,0.4802
S13003111,8.0,3.0,4790.0,3.2411,0.4051
S13003105,6.0,3.0,5806.0,2.8345,0.4724
S13003101,7.0,3.0,5439.0,3.1737,0.4534
S13003114,9.0,4.0,6246.0,3.1888,0.3543
S13003100,8.0,3.0,5227.0,3.2126,0.4016
S13003102,8.0,3.0,6199.0,3.2765,0.4096
S13003103,7.0,3.0,6342.0,2.9845,0.4264
S13002867,7.0,3.0,4515.0,3.1245,0.4464
S13002873,6.0,3.0,3798.0,3.1077,0.5179
S13002872,10.0,4.0,6503.0,3.519,0.3519
S13002870,8.0,4.0,7194.0,3.3304,0.4163
S13002871,7.0,3.0,5401.0,3.0891,0.4413
S13002874,9.0,4.0,5049.0,3.5102,0.39
S13002868,5.0,3.0,3933.0,2.7963,0.5593
S13002869,8.0,4.0,5421.0,3.4962,0.437
S13002826,7.0,4.0,6136.0,3.2531,0.4647
S13002827,8.0,4.0,7413.0,3.3292,0.4161
S13002825,8.0,3.0,5072.0,3.2504,0.4063
S13002824,6.0,1.0,4445.0,2.542,0.4237
S13002820,6.0,3.0,7117.0,2.9424,0.4904
S13002821,9.0,4.0,6853.0,3.4354,0.3817
S13002823,7.0,1.0,5616.0,2.6654,0.3808
S13002822,8.0,4.0,7229.0,3.4017,0.4252
S13002828,7.0,3.0,5256.0,3.0592,0.437
S13002936,6.0,3.0,5399.0,2.9841,0.4973
S13002937,6.0,3.0,5604.0,2.9222,0.487
S13002944,7.0,3.0,5628.0,3.1041,0.4434
S13002941,6.0,4.0,6492.0,3.1583,0.5264
S13002940,6.0,3.0,5628.0,2.944,0.4907
S13002942,4.0,3.0,6210.0,2.3915,0.5979
S13002943,8.0,3.0,5405.0,2.9956,0.3744
S13002939,7.0,4.0,7067.0,3.1735,0.4534
S13002938,10.0,4.0,6321.0,3.6176,0.3618
S13002887,5.0,4.0,5326.0,2.7249,0.545
S13002886,5.0,3.0,3972.0,2.5619,0.5124
S13002890,7.0,4.0,5741.0,3.0894,0.4413
S13002884,5.0,3.0,4070.0,2.6319,0.5264
S13002885,5.0,4.0,3950.0,2.7349,0.547
S13002891,7.0,3.0,4108.0,3.0066,0.4295
S13002881,5.0,4.0,4962.0,2.6092,0.5218
S13002880,8.0,4.0,5270.0,2.9537,0.3692
S13002882,7.0,3.0,4478.0,3.1521,0.4503
S13002883,8.0,3.0,4033.0,3.3536,0.4192
S13002888,7.0,4.0,5007.0,3.1264,0.4466
S13002889,6.0,4.0,5104.0,2.9671,0.4945
S13003084,5.0,4.0,5609.0,2.852,0.5704
S13003085,5.0,3.0,6565.0,2.7823,0.5565
S13003078,11.0,4.0,4779.0,3.629,0.3299
S13003086,6.0,4.0,5945.0,2.9847,0.4974
S13003079,7.0,3.0,3829.0,3.3609,0.4801
S13003082,6.0,4.0,5563.0,3.0419,0.507
S13003083,8.0,4.0,5821.0,3.5465,0.4433
S13003081,7.0,4.0,5264.0,3.2109,0.4587
S13003080,9.0,3.0,4080.0,3.4002,0.3778
S13003076,5.0,3.0,3761.0,2.9147,0.5829
S13003153,7.0,4.0,1344.0,4.0543,0.5792
S13003156,8.0,2.0,758.0,3.3997,0.425
S13003154,6.0,4.0,1414.0,3.3656,0.5609
S13002777,5.0,3.0,928.0,3.1034,0.6207
S13002773,4.0,3.0,1192.0,2.8163,0.7041
S13002737,8.0,3.0,1075.0,3.5321,0.4415
S13003145,7.0,3.0,4736.0,2.8875,0.4125
S13003032,7.0,4.0,4505.0,3.0193,0.4313
S13003033,6.0,3.0,3985.0,2.9476,0.4913
S13003034,7.0,4.0,5754.0,3.1524,0.4503
S13003041,7.0,3.0,3357.0,2.955,0.4221
S13002547,9.0,4.0,5471.0,3.5653,0.3961
S13003149,7.0,3.0,4169.0,2.9513,0.4216
S13003148,6.0,4.0,7252.0,2.8016,0.4669
S13002851,10.0,4.0,4657.0,3.4801,0.348
S13002850,7.0,4.0,4703.0,2.98,0.4257
S13002852,8.0,4.0,4200.0,3.1148,0.3893
S13002853,4.0,3.0,3395.0,2.3599,0.59
S13002857,8.0,3.0,4237.0,3.2537,0.4067
S13002856,5.0,1.0,3972.0,2.4668,0.4934
S13002854,6.0,4.0,4515.0,3.0334,0.5056
S13002855,6.0,4.0,5046.0,3.1371,0.5229
S13002864,9.0,4.0,5477.0,3.562,0.3958
S13002858,5.0,1.0,3445.0,2.3475,0.4695
S13002859,5.0,1.0,2725.0,2.5002,0.5
S13002865,8.0,4.0,5559.0,3.5902,0.4488
S13002866,11.0,4.0,5782.0,3.579,0.3254
S13002862,6.0,3.0,4841.0,3.0421,0.507
S13002863,6.0,3.0,4832.0,3.0271,0.5045
S13002849,5.0,3.0,3070.0,2.686,0.5372
S13002861,7.0,4.0,5635.0,3.0266,0.4324
S13002860,7.0,4.0,5706.0,3.089,0.4413
S13002930,10.0,4.0,10649.0,4.4022,0.4402
S13002924,7.0,3.0,11429.0,3.0575,0.4368
S13002919,10.0,4.0,14207.0,3.5485,0.3549
S13002925,9.0,4.0,8493.0,3.7919,0.4213
S13002931,5.0,3.0,7613.0,3.0846,0.6169
S13002927,6.0,3.0,9146.0,3.0868,0.5145
S13002933,5.0,4.0,11699.0,3.0965,0.6193
S13002932,8.0,4.0,10630.0,3.6862,0.4608
S13002926,6.0,3.0,11379.0,3.0841,0.514
S13002922,8.0,4.0,10399.0,3.5851,0.4481
S13002923,8.0,4.0,13567.0,3.4021,0.4253
S13002935,7.0,4.0,10431.0,3.5644,0.5092
S13002921,5.0,3.0,9474.0,2.8121,0.5624
S13002920,7.0,4.0,11315.0,3.2399,0.4628
S13002934,7.0,4.0,11731.0,3.3613,0.4802
S13002928,6.0,4.0,13579.0,3.3393,0.5565
S13002929,6.0,4.0,8886.0,3.2192,0.5365
S13003011,5.0,3.0,4420.0,2.5439,0.5088
S13003013,6.0,3.0,2828.0,3.064,0.5107
S13003012,6.0,3.0,3227.0,2.8791,0.4799
S13003016,6.0,3.0,4061.0,3.0017,0.5003
S13003017,5.0,3.0,3157.0,2.6563,0.5313
S13003015,7.0,3.0,4774.0,3.0432,0.4347
S13003014,9.0,4.0,5041.0,3.4317,0.3813
S13003132,8.0,4.0,6432.0,3.4863,0.4358
S13003069,6.0,3.0,4785.0,3.0376,0.5063
S13003068,6.0,3.0,4466.0,3.062,0.5103
S13003066,7.0,1.0,4086.0,2.4821,0.3546
S13003072,6.0,1.0,5552.0,2.3761,0.396
S13003073,7.0,3.0,3457.0,3.0683,0.4383
S13003067,5.0,3.0,5159.0,2.7251,0.545
S13003071,5.0,1.0,3431.0,2.1755,0.4351
S13003065,9.0,3.0,4662.0,3.2079,0.3564
S13003064,7.0,4.0,6764.0,3.3255,0.4751
S13003074,5.0,1.0,7027.0,2.1604,0.4321
S13003063,8.0,3.0,4547.0,3.4779,0.4347
S13003052,8.0,4.0,4647.0,3.402,0.4252
S13003053,8.0,4.0,6203.0,3.3123,0.414
S13003047,7.0,3.0,4339.0,3.2187,0.4598
S13003051,5.0,3.0,3773.0,2.8691,0.5738
S13003045,8.0,4.0,5931.0,3.5227,0.4403
S13003044,9.0,4.0,5919.0,3.5366,0.393
S13003050,8.0,4.0,4887.0,3.2844,0.4106
S13003134,6.0,3.0,4559.0,3.0851,0.5142
S13003054,7.0,4.0,5043.0,3.0291,0.4327
S13003055,5.0,3.0,4684.0,2.8198,0.564
S13003043,10.0,4.0,7176.0,3.6458,0.3646
S13003057,5.0,3.0,3719.0,2.8236,0.5647
S13003056,7.0,4.0,4918.0,3.0679,0.4383
S13003042,7.0,3.0,4439.0,3.0345,0.4335
S13003058,7.0,3.0,4557.0,3.0779,0.4397
S13003059,6.0,4.0,5663.0,3.1072,0.5179
S13003049,8.0,4.0,5939.0,3.2899,0.4112
S13003061,9.0,4.0,6406.0,3.4354,0.3817
S13003060,12.0,4.0,5984.0,3.5037,0.292
S13003048,8.0,4.0,4877.0,3.4675,0.4334
S13003062,7.0,4.0,5688.0,3.1204,0.4458
S13003143,9.0,4.0,4515.0,3.6532,0.4059
S13003008,8.0,4.0,5085.0,3.5583,0.4448
S13003009,8.0,4.0,5369.0,3.3354,0.4169
S13002990,8.0,3.0,2807.0,3.4147,0.4268
S13002991,9.0,4.0,5244.0,3.6148,0.4016
S13002993,7.0,3.0,3561.0,3.1421,0.4489
S13002992,9.0,4.0,4676.0,3.6465,0.4052
S13002996,6.0,3.0,3484.0,3.3358,0.556
S13002997,7.0,4.0,4427.0,3.3998,0.4857
S13002995,9.0,4.0,4102.0,3.8457,0.4273
S13002994,8.0,4.0,5620.0,3.7977,0.4747
S13002998,7.0,3.0,4591.0,3.2636,0.4662
S13003004,6.0,3.0,4068.0,2.9044,0.4841
S13003010,7.0,4.0,4162.0,3.2338,0.462
S13003005,7.0,3.0,3590.0,3.285,0.4693
S13003007,10.0,4.0,5303.0,3.9478,0.3948
S13003006,8.0,3.0,3782.0,3.3326,0.4166
S13003002,7.0,3.0,3486.0,3.3706,0.4815
S13003003,8.0,3.0,3419.0,3.5323,0.4415
S13003001,7.0,4.0,5059.0,3.5811,0.5116
S13002953,9.0,3.0,5891.0,3.2064,0.3563
S13002947,9.0,4.0,7971.0,3.4843,0.3871
S13002946,8.0,3.0,5710.0,3.1888,0.3986
S13003131,10.0,3.0,5963.0,3.4253,0.3425
S13002950,8.0,4.0,7703.0,3.4348,0.4293
S13003130,8.0,4.0,4947.0,3.3956,0.4244
S13002955,7.0,3.0,4564.0,3.2182,0.4597
S13002954,8.0,3.0,5169.0,3.0511,0.3814
S13002956,8.0,3.0,3995.0,3.1459,0.3932
S13002966,8.0,4.0,5105.0,3.1928,0.3991
S13002965,8.0,4.0,6559.0,3.2153,0.4019
S13002959,8.0,3.0,4652.0,3.0688,0.3836
S13002958,8.0,4.0,6255.0,3.2054,0.4007
S13002964,9.0,3.0,6095.0,3.3344,0.3705
S13003129,6.0,3.0,4588.0,2.9368,0.4895
S13002948,10.0,4.0,7793.0,3.5064,0.3506
S13002960,7.0,3.0,6030.0,2.9211,0.4173
S13002961,8.0,3.0,6280.0,3.4607,0.4326
S13002949,9.0,3.0,4848.0,3.2739,0.3638
S13003128,9.0,4.0,6632.0,3.3341,0.3705
S13002963,8.0,3.0,5356.0,3.3456,0.4182
S13002962,6.0,4.0,5048.0,3.2334,0.5389
S13002918,8.0,4.0,9773.0,3.3399,0.4175
S13002917,11.0,4.0,10203.0,3.993,0.363
S13002916,9.0,3.0,7595.0,3.3692,0.3744
S13002914,8.0,4.0,7073.0,3.3928,0.4241
S13002915,9.0,3.0,6055.0,3.0495,0.3388
S13002549,7.0,3.0,4095.0,3.1917,0.456
S13002548,10.0,4.0,5622.0,3.4852,0.3485
S13002545,7.0,4.0,6095.0,3.2633,0.4662
S13002551,9.0,3.0,4438.0,3.1566,0.3507
S13002552,9.0,4.0,8975.0,3.3052,0.3672
S13002546,10.0,4.0,5802.0,3.5126,0.3513
S13003119,6.0,3.0,5251.0,2.8732,0.4789
S13003118,8.0,4.0,4631.0,3.471,0.4339
S13003120,7.0,3.0,3786.0,3.0917,0.4417
S13003121,7.0,3.0,3503.0,3.1713,0.453
S13003115,7.0,3.0,5314.0,3.1368,0.4481
S13003116,7.0,3.0,6213.0,3.2022,0.4575
S13003117,7.0,4.0,6977.0,3.3534,0.4791
S13002893,5.0,3.0,3739.0,2.6507,0.5301
S13002892,8.0,4.0,6191.0,3.0787,0.3848
S13002895,7.0,4.0,5064.0,3.0043,0.4292
S13002894,6.0,4.0,5721.0,2.745,0.4575
S13002896,5.0,3.0,3262.0,2.5509,0.5102
S13002897,8.0,3.0,4626.0,2.8748,0.3594
S13002899,8.0,4.0,4462.0,3.0784,0.3848
S13002898,7.0,4.0,4695.0,2.7823,0.3975
S13002900,9.0,3.0,3807.0,3.0173,0.3353
S13003111,6.0,3.0,4757.0,2.823,0.4705
S13003105,7.0,3.0,5729.0,2.9988,0.4284
S13003104,7.0,3.0,4921.0,3.1681,0.4526
S13003110,6.0,3.0,5381.0,2.9589,0.4932
S13003099,7.0,3.0,6869.0,2.9782,0.4255
S13003106,7.0,3.0,5076.0,3.316,0.4737
S13003112,7.0,4.0,5823.0,3.3641,0.4806
S13003113,5.0,4.0,7306.0,2.7926,0.5585
S13003107,6.0,3.0,5735.0,3.0895,0.5149
S13003098,8.0,3.0,5260.0,3.1779,0.3972
S13003103,8.0,3.0,6709.0,3.008,0.376
S13003102,7.0,3.0,5705.0,3.1909,0.4558
S13003114,9.0,4.0,6193.0,3.2516,0.3613
S13003100,9.0,3.0,5274.0,3.1902,0.3545
S13003101,9.0,3.0,5202.0,3.2186,0.3576
S13003095,7.0,4.0,7393.0,3.2329,0.4618
S13003096,5.0,3.0,5686.0,2.497,0.4994
S13003109,7.0,3.0,5206.0,3.2758,0.468
S13003108,8.0,3.0,5104.0,3.4226,0.4278
S13003097,8.0,3.0,5289.0,3.1781,0.3973
S13002517,6.0,3.0,2800.0,2.9343,0.489
S13002520,10.0,4.0,4149.0,3.8395,0.3839
S13002521,6.0,3.0,3484.0,3.0307,0.5051
S13002523,7.0,3.0,2477.0,3.1805,0.4544
S13002522,10.0,3.0,2925.0,3.7925,0.3792
S13002526,8.0,3.0,2949.0,3.2543,0.4068
S13002525,5.0,4.0,3861.0,2.7938,0.5588
S13002519,8.0,4.0,3825.0,3.6021,0.4503
S13002518,7.0,3.0,3307.0,3.2616,0.4659
S13002524,7.0,3.0,3365.0,3.1064,0.4438
S13002517,6.0,3.0,2889.0,2.7996,0.4666
S13002516,4.0,3.0,2358.0,2.5683,0.6421
S13002521,7.0,3.0,3277.0,3.0687,0.4384
S13002520,8.0,4.0,4097.0,3.359,0.4199
S13002522,7.0,3.0,2753.0,3.0639,0.4377
S13002523,5.0,1.0,2013.0,2.2807,0.4561
S13002526,5.0,3.0,2884.0,2.7743,0.5549
S13002524,4.0,1.0,1825.0,2.2471,0.5618
S13002518,9.0,3.0,3197.0,3.4063,0.3785
S13002519,11.0,4.0,3633.0,3.7528,0.3412
S13002525,7.0,4.0,3947.0,3.2523,0.4646
S13003151,8.0,4.0,1627.0,3.9213,0.4902
S13003150,5.0,3.0,1424.0,2.9494,0.5899
S13003152,7.0,4.0,1447.0,3.4271,0.4896
S13002735,7.0,4.0,1833.0,3.5123,0.5018
S13002734,6.0,3.0,1150.0,3.2974,0.5496
S13003047,6.0,3.0,4472.0,3.1496,0.5249
S13003053,5.0,4.0,6015.0,2.8509,0.5702
S13003052,7.0,4.0,4849.0,3.2867,0.4695
S13003050,6.0,4.0,4679.0,2.9506,0.4918
S13003044,9.0,4.0,5713.0,3.38,0.3756
S13003045,8.0,4.0,5355.0,3.6556,0.457
S13003051,6.0,3.0,3894.0,3.0889,0.5148
S13003055,5.0,3.0,4468.0,2.7762,0.5552
S13003134,7.0,3.0,4848.0,3.3395,0.4771
S13003054,7.0,4.0,4559.0,3.0827,0.4404
S13003042,7.0,3.0,4365.0,3.1162,0.4452
S13003056,7.0,4.0,4631.0,3.0611,0.4373
S13003057,6.0,3.0,3796.0,2.9979,0.4996
S13003043,8.0,4.0,7075.0,3.4148,0.4269
S13003059,6.0,4.0,5202.0,3.0759,0.5127
S13003058,6.0,3.0,4596.0,3.1449,0.5242
S13003048,9.0,4.0,4956.0,3.2528,0.3614
S13003060,8.0,4.0,6063.0,3.1851,0.3981
S13003061,7.0,4.0,5689.0,3.3287,0.4755
S13003049,8.0,4.0,5565.0,3.2552,0.4069
S13003062,5.0,4.0,5295.0,2.8865,0.5773
S13002761,8.0,3.0,4610.0,3.2345,0.4043
S13002763,8.0,4.0,4533.0,3.4655,0.4332
S13002762,5.0,3.0,4792.0,2.7235,0.5447
S13002766,6.0,3.0,4541.0,2.858,0.4763
S13002767,7.0,3.0,4232.0,3.0607,0.4372
S13002771,4.0,3.0,3459.0,2.4906,0.6227
S13002765,7.0,3.0,4555.0,3.1431,0.449
S13002764,9.0,3.0,4007.0,3.3679,0.3742
S13002770,6.0,3.0,3605.0,2.5792,0.4299
S13002769,7.0,3.0,3835.0,3.0078,0.4297
S13002768,8.0,3.0,4326.0,3.212,0.4015
S13003025,5.0,3.0,3690.0,2.7173,0.5435
S13003031,7.0,4.0,5911.0,3.3277,0.4754
S13003030,4.0,3.0,4061.0,2.4524,0.6131
S13003024,4.0,3.0,3639.0,2.2638,0.566
S13003026,4.0,3.0,3140.0,2.3484,0.5871
S13003027,8.0,3.0,4089.0,3.0704,0.3838
S13003029,6.0,3.0,3579.0,2.8419,0.4736
S13003028,7.0,4.0,5142.0,3.1004,0.4429
S13003144,8.0,3.0,1234.0,3.1305,0.3913
S13003142,5.0,4.0,1412.0,3.0092,0.6018
S13003141,8.0,4.0,1533.0,3.3164,0.4145
S13003137,9.0,3.0,1148.0,3.2256,0.3584
S13003136,6.0,3.0,1282.0,3.0172,0.5029
S13002608,8.0,4.0,1387.0,3.4758,0.4345
S13003139,6.0,3.0,1108.0,3.009,0.5015
S13002844,6.0,4.0,7508.0,3.1834,0.5306
S13002845,4.0,3.0,6116.0,2.4424,0.6106
S13002847,8.0,4.0,5176.0,3.3348,0.4169
S13002846,10.0,4.0,5598.0,3.4257,0.3426
S13002842,9.0,4.0,3622.0,3.8603,0.4289
S13002843,8.0,3.0,6811.0,3.132,0.3915
S13002841,8.0,3.0,4755.0,3.3323,0.4165
S13002840,9.0,3.0,3217.0,3.3593,0.3733
S13002835,7.0,4.0,6608.0,3.0462,0.4352
S13002836,9.0,4.0,7236.0,3.2125,0.3569
S13002837,7.0,3.0,5043.0,2.8965,0.4138
S13002839,8.0,3.0,4537.0,3.2347,0.4043
S13002838,8.0,3.0,4382.0,3.2974,0.4122
S13003132,8.0,4.0,6144.0,3.7417,0.4677
S13003068,8.0,3.0,4536.0,3.3768,0.4221
S13003069,8.0,3.0,4564.0,3.303,0.4129
S13003067,7.0,3.0,5170.0,3.1431,0.449
S13003073,8.0,3.0,3647.0,3.0376,0.3797
S13003072,8.0,4.0,6973.0,3.1948,0.3993
S13003066,6.0,3.0,4241.0,2.7866,0.4644
S13003064,7.0,4.0,6877.0,3.1223,0.446
S13003065,6.0,3.0,4507.0,2.8551,0.4759
S13003071,6.0,3.0,4097.0,2.868,0.478
S13003074,8.0,4.0,5383.0,3.1168,0.3896
S13003063,6.0,3.0,4418.0,2.8395,0.4733
S13002875,7.0,4.0,3643.0,3.1982,0.4569
S13002876,8.0,4.0,4028.0,3.2738,0.4092
S13002877,7.0,3.0,2402.0,3.2277,0.4611
S13002879,7.0,3.0,3315.0,3.1526,0.4504
S13002878,7.0,4.0,3803.0,3.0978,0.4425
S13003085,5.0,3.0,5613.0,2.7043,0.5409
S13003084,7.0,4.0,5630.0,3.2046,0.4578
S13003079,7.0,3.0,3798.0,3.3257,0.4751
S13003086,9.0,4.0,6393.0,3.4386,0.3821
S13003078,10.0,4.0,4863.0,3.658,0.3658
S13003083,10.0,4.0,6095.0,3.5696,0.357
S13003082,7.0,4.0,5538.0,3.1873,0.4553
S13003080,9.0,3.0,4597.0,3.3067,0.3674
S13003081,7.0,4.0,5614.0,3.321,0.4744
S13003075,8.0,4.0,5421.0,3.3451,0.4181
S13003076,7.0,3.0,3999.0,3.0588,0.437
S13003077,9.0,3.0,4804.0,3.4036,0.3782
S13002904,8.0,4.0,8072.0,3.2218,0.4027
S13002905,6.0,3.0,6070.0,2.9217,0.487
S13002907,5.0,3.0,5389.0,2.696,0.5392
S13002906,6.0,3.0,6515.0,2.9391,0.4898
S13002902,6.0,3.0,6906.0,3.2236,0.5373
S13002903,7.0,3.0,6370.0,3.2568,0.4653
S13002901,6.0,3.0,6249.0,3.1663,0.5277
S13003155,5.0,4.0,1842.0,3.0684,0.6137
S13002850,10.0,4.0,5100.0,3.5157,0.3516
S13002851,5.0,4.0,4850.0,2.788,0.5576
S13002853,6.0,3.0,3687.0,2.9336,0.4889
S13002852,6.0,4.0,4595.0,2.8353,0.4725
S13002856,5.0,4.0,5515.0,2.9048,0.581
S13002857,6.0,3.0,4257.0,3.007,0.5012
S13002855,7.0,4.0,5192.0,3.3486,0.4784
S13002854,5.0,4.0,4963.0,2.8146,0.5629
S13002865,7.0,4.0,5523.0,3.2408,0.463
S13002859,6.0,4.0,4559.0,3.1812,0.5302
S13002858,6.0,4.0,4818.0,2.9494,0.4916
S13002864,7.0,4.0,5531.0,3.1495,0.4499
S13002866,8.0,4.0,5620.0,3.4765,0.4346
S13002863,4.0,3.0,4780.0,2.4138,0.6035
S13002862,5.0,3.0,4759.0,2.6054,0.5211
S13002848,4.0,3.0,4171.0,2.3817,0.5954
S13002860,7.0,4.0,5996.0,3.1513,0.4502
S13002861,6.0,4.0,5673.0,2.9836,0.4973
S13002849,6.0,3.0,3427.0,2.7117,0.452
S13002869,8.0,4.0,5523.0,3.4154,0.4269
S13002868,7.0,3.0,4211.0,3.1069,0.4438
S13002871,7.0,3.0,5075.0,3.201,0.4573
S13002870,5.0,4.0,6685.0,2.6338,0.5268
S13002872,5.0,4.0,6108.0,2.6541,0.5308
S13002867,6.0,3.0,4577.0,2.8894,0.4816
S13002873,8.0,3.0,3486.0,3.183,0.3979
S13002874,7.0,4.0,4928.0,3.178,0.454
S13002937,8.0,3.0,5043.0,3.1142,0.3893
S13002936,6.0,3.0,5574.0,2.801,0.4668
S13002944,9.0,3.0,5499.0,3.194,0.3549
S13002940,5.0,1.0,3355.0,2.1949,0.439
S13002941,7.0,4.0,6456.0,3.2958,0.4708
S13002943,7.0,3.0,5159.0,3.1285,0.4469
S13002942,4.0,1.0,4313.0,2.1484,0.5371
S13002938,7.0,4.0,6350.0,3.368,0.4811
S13002939,7.0,4.0,7178.0,3.2607,0.4658
S13003090,9.0,3.0,4936.0,3.4125,0.3792
S13003091,9.0,4.0,8369.0,3.5724,0.3969
S13003093,6.0,3.0,4282.0,2.855,0.4758
S13003087,8.0,4.0,6979.0,3.3981,0.4248
S13003092,6.0,3.0,4820.0,2.6678,0.4446
S13003094,7.0,3.0,4056.0,2.9448,0.4207
S13003088,8.0,4.0,6642.0,3.157,0.3946
S13003089,8.0,4.0,4921.0,3.2148,0.4018
S13003091,7.0,4.0,8171.0,3.217,0.4596
S13003090,5.0,3.0,5204.0,2.5165,0.5033
S13003092,4.0,3.0,4935.0,2.1384,0.5346
S13003087,6.0,4.0,6952.0,2.9888,0.4981
S13003093,5.0,3.0,4347.0,2.5857,0.5171
S13003094,6.0,3.0,4531.0,2.8607,0.4768
S13003089,6.0,4.0,4920.0,2.8949,0.4825
S13003088,6.0,4.0,6722.0,2.8921,0.482
S13002930,11.0,1.0,7267.0,3.0201,0.2746
S13002846,7.0,1.0,3743.0,2.4125,0.3446
S13002992,5.0,1.0,2411.0,2.3791,0.4758
S13002989,6.0,1.0,6496.0,2.7514,0.4586
S13003102,7.0,1.0,3405.0,2.4461,0.3494
S13002912,5.0,1.0,6319.0,2.2292,0.4458
S13003002,7.0,1.0,2131.0,2.5448,0.3635
S13002877,6.0,1.0,2117.0,2.2541,0.3757
S13003001,6.0,1.0,3520.0,2.7273,0.4545
S13002848,3.0,1.0,2658.0,1.9409,0.647
S13002999,12.0,4.0,5001.0,4.2665,0.3555
S13003000,7.0,3.0,3242.0,3.4241,0.4892
S13003127,7.0,4.0,4696.0,3.4178,0.4883
S13003126,5.0,4.0,4644.0,2.8872,0.5774
S13003124,9.0,4.0,6524.0,3.0383,0.3376
S13003125,5.0,3.0,3876.0,2.8274,0.5655
S13003122,5.0,3.0,4326.0,2.6828,0.5366
S13003123,8.0,4.0,5822.0,3.4385,0.4298
S13002918,9.0,4.0,9562.0,3.1674,0.3519
S13002916,7.0,3.0,7233.0,2.9822,0.426
S13002917,10.0,4.0,9812.0,3.6596,0.366
S13002915,8.0,3.0,6034.0,2.8571,0.3571
S13002914,8.0,4.0,6733.0,3.4193,0.4274
S13003126,7.0,4.0,4976.0,3.3109,0.473
S13003127,9.0,4.0,5018.0,3.5835,0.3982
S13003125,5.0,3.0,4182.0,2.7824,0.5565
S13003124,7.0,4.0,6562.0,3.2455,0.4636
S13003123,8.0,4.0,5893.0,3.4634,0.4329
S13003122,7.0,3.0,4365.0,3.1349,0.4478
S13002892,6.0,4.0,6184.0,3.0931,0.5155
S13002893,6.0,3.0,3882.0,2.7754,0.4626
S13002894,7.0,4.0,5888.0,2.972,0.4246
S13002895,6.0,4.0,5328.0,2.8375,0.4729
S13002897,5.0,3.0,4256.0,2.7575,0.5515
S13002896,6.0,3.0,3036.0,2.7991,0.4665
S13002898,6.0,4.0,4646.0,2.9397,0.49
S13002899,6.0,4.0,4476.0,3.0715,0.5119
S13002900,6.0,3.0,3866.0,2.925,0.4875
